<?xml version="1.0" encoding="UTF-8"?>
<lvbba:AanleveringInformatieObject xmlns:lvbba="https://standaarden.overheid.nl/lvbb/stop/aanlevering/"
                                   schemaversie="1.2.0">
   <lvbba:InformatieObjectVersie>
      <data:ExpressionIdentificatie xmlns:data="https://standaarden.overheid.nl/stop/imop/data/">
         <data:FRBRWork>/join/id/regdata/gm0363/2023/IO_2023102616_3855330_3-gio-1</data:FRBRWork>
         <data:FRBRExpression>/join/id/regdata/gm0363/2023/IO_2023102616_3855330_3-gio-1/nld@2023-10-26;3</data:FRBRExpression>
         <data:soortWork>/join/id/stop/work_010</data:soortWork>
      </data:ExpressionIdentificatie>
      <data:InformatieObjectVersieMetadata xmlns:data="https://standaarden.overheid.nl/stop/imop/data/">
         <data:heeftGeboorteregeling>/akn/nl/act/gm0363/2023/R_2023102616_3855330</data:heeftGeboorteregeling>
         <data:heeftBestanden>
            <data:heeftBestand>
               <data:Bestand>
                  <data:bestandsnaam>gio-1.gml</data:bestandsnaam>
                  <data:hash>9b628ca6a5928e05541dc8899d74f24250e3c4c93d8208d81b945a4c113756cf60a6950585f11e9fd7d125021be5d3c0e8b71af2c540c90f4e7bcd3e090e5bb3</data:hash>
               </data:Bestand>
            </data:heeftBestand>
         </data:heeftBestanden>
      </data:InformatieObjectVersieMetadata>
      <data:InformatieObjectMetadata xmlns:data="https://standaarden.overheid.nl/stop/imop/data/">
         <data:eindverantwoordelijke>/tooi/id/gemeente/gm0363</data:eindverantwoordelijke>
         <data:maker>/tooi/id/gemeente/gm0363</data:maker>
         <data:alternatieveTitels>
            <data:alternatieveTitel>alternatieve-titel IO gio-1</data:alternatieveTitel>
         </data:alternatieveTitels>
         <data:naamInformatieObject>naam IO gio-1</data:naamInformatieObject>
         <data:officieleTitel>/join/id/regdata/gm0363/2023/IO_2023102616_3855330_3-gio-1</data:officieleTitel>
         <data:publicatieinstructie>TeConsolideren</data:publicatieinstructie>
         <data:formaatInformatieobject>/join/id/stop/informatieobject/gio_002</data:formaatInformatieobject>
      </data:InformatieObjectMetadata>
   </lvbba:InformatieObjectVersie>
</lvbba:AanleveringInformatieObject>
